ID,PopulationDensity
1,6.365
2,8706.553965
3,10432.82561
